<?xml version='1.0' encoding='UTF-8'?>
<!DOCTYPE Plugin PUBLIC "sailpoint.dtd" "sailpoint.dtd">
<Plugin certificationLevel="None"
    name="angularTest"
    displayName="Angular Plugin"
    minSystemVersion="8.4"
    maxSystemVersion="8.4"
    version="0.1">
    <Attributes>
        <Map>
            <entry key="minUpgradableVersion" value="0.1" />
            <entry key="fullPage">
                <value>
                    <FullPage title="Advanced Forwarding Preferences" />
                </value>
            </entry>
            <entry key="snippets">
                <value>
                    <List>
                        <Snippet regexPattern=".*">
                            <Scripts>
                                <String>ui/js/headerInject.js</String>
                            </Scripts>
                        </Snippet>
                    </List>
                </value>
            </entry>
        </Map>
    </Attributes>
</Plugin>